-- Populate Veranstaltungsort table
ALTER SEQUENCE veranstaltungsort_id_ort_seq RESTART WITH 1;
INSERT INTO Veranstaltungsort (Name, Stadt, Land, Kapazitaet) VALUES
    ('Kindarena', 'Rouen', 'France', 5700),
    ('Beilun Gymnasium', 'Ningbo', 'China', 8000),
    ('Spodek', 'Katowice', 'Poland', 11500),
    ('Tauron Arena Krakow', 'Krakow', 'Poland', 15000),
    ('Kraljevo Sports Hall', 'Kraljevo', 'Serbia', 3331),
    ('Armeets Arena', 'Sofia', 'Bulgaria', 12373),
    ('Goiania Arena', 'Goiania', 'Brazil', 11333),
    ('Estadio Aldo Cantoni', 'San Juan', 'Argentina', 8000),
    ('Atlas Arena', 'Lodz', 'Poland', 13805),
    ('TD Place Arena', 'Ottawa', 'Canada', 9500),
    ('Osaka Municipal Central Gymnasium', 'Osaka', 'Japan', 10000),
    ('Ufa Arena', 'Ufa', 'Russia', 8250),
    ('Arena du Pays d`Aix', 'Aix-en-Provence', 'France', 6004),
    ('Jangchung Arena', 'Seoul', 'South Korea', 4507),
    ('Arena Ludwigsburg', 'Ludwigsburg', 'Germany', 5325),
    ('Sears Centre Arena', 'Hoffman Estates', 'United States', 10000),
    ('Hisense Arena', 'Melbourne', 'Australia', 10500),
    ('Jiangmen Sports Center Gymnasium', 'Jiangmen', 'China', 8500),
    ('Azadi Indoor Stadium', 'Tehran', 'Iran', 12000),
    ('PalaPanini', 'Modena', 'Italy', 4968),
    ('Stade Pierre-Mauroy', 'Villeneuve-d`Ascq', 'France', 28010),
    ('Aconcagua Arena', 'Mendoza', 'Italy', 10000),
    ('SPC Vojvodina', 'Novi Sad', 'Serbia', 6987),
    ('Musashino Forest Sports Plaza', 'Tokyo', 'Japan', 10000),
    ('Multiusos de Gondomar', 'Gondomar', 'Portugal', 5000),
    ('Ghadir Arena', 'Urmia', 'Iran', 6000),
    ('Palais des Victoires', 'Cannes', 'France', 4000),
    ('PalaLido', 'Milan', 'Italy', 5420),
    ('Rezazadeh Stadium', 'Ardabil', 'Iran', 6000),
    ('Ginasio Aecim Tocantins', 'Cuiaba', 'Brazil', 12000),
    ('Queensland State Netball Centre', 'Brisbane', 'Australia', 5000),
    ('Nilson Nelson Gymnasium', 'Brasilia', 'Brazil', 11105),
    ('Kolodruma', 'Plovdiv', 'Bulgaria', 6100),
    ('Arena Leipzig', 'Leipzig', 'Germany', 12000),
    ('Credit Union 1 Arena', 'Chicago', 'United States', 10000),
    ('Rimini Fiera', 'Rimini', 'Italy', NULL),
    ('Araneta Coliseum', 'Quezon City', 'Philippines', 16035),
    ('Maruzen Intec Arena', 'Osaka', 'Japan', 10000),
    ('Ergo Arena', 'Gdansk', 'Poland', 11409),
    ('Unipol Arena', 'Casalecchio di Reno', 'Italy', 11000),
    ('Nippon Gaishi Hall', 'Nagoya', 'Japan', 10000),
    ('Rotterdam Ahoy', 'Rotterdam', 'Netherlands', 16426),
    ('CO`MET Arena', 'Orleans', 'France', 10000),
    ('Anaheim Convention Center', 'Anaheim', 'United States', 7500),
    ('SM Mall of Asia Arena', 'Pasay', 'Philippines', 15000),
    ('Antalya Sports Hall', 'Antalya', 'Turkey', 10000),
    ('Ginasio do Maracanazinho', 'Rio de Janeiro', 'Brazil', 11800),
    ('West Japan General Exhibition Center', 'Fukuoka', 'Japan', 7900),
    ('Arena Stozice', 'Ljubljana', 'Slovenia', 12480),
    ('SM Mall of Asia Arena', 'Manila', 'Philippines', 15000);

-- Populate Mannschaft table
ALTER SEQUENCE mannschaft_id_mannschaft_seq RESTART WITH 1;
INSERT INTO Mannschaft (Land, Rang) VALUES
    ('Argentina', 8),
    ('Australia', 34),
    ('Brazil', 7),
    ('Bulgaria', 20),
    ('Canada', 9),
    ('China', 29),
    ('France', 4),
    ('Germany', 11),
    ('Iran', 15),
    ('Italy', 3),
    ('Japan', 2),
    ('Poland', 1),
    ('Russia', NULL),
    ('Serbia', 10),
    ('South Korea', 27),
    ('United States', 6),
    ('Portugal', 22),
    ('Netherlands', 13),
    ('Slovenia', 5),
    ('Cuba', 12),
    ('Turkey', 17);

-- Populate Spiel table
ALTER SEQUENCE spiel_id_spiel_seq RESTART WITH 1;
INSERT INTO Spiel (Datum, Zeit, fk_Ort) VALUES
    ('2018-5-25', '17:00', 1),
    ('2018-5-26', '17:00', 1),
    ('2018-5-25', '16:00', 3),
    ('2018-5-25', '16:00', 2),
    ('2018-5-26', '16:00', 4),
    ('2018-5-27', '16:00', 4),
    ('2018-5-27', '16:00', 5),
    ('2018-6-3', '17:00', 6),
    ('2018-6-1', '12:15', 7),
    ('2018-6-3', '10:05', 7),
    ('2018-6-1', '18:10', 8),
    ('2018-6-1', '16:00', 9),
    ('2018-6-3', '16:00', 9),
    ('2018-6-9', '16:10', 10),
    ('2018-6-10', '11:10', 11),
    ('2018-6-10', '16:30', 12),
    ('2018-6-8', '17:00', 13),
    ('2018-6-9', '18:00', 13),
    ('2018-6-17', '14:00', 14),
    ('2018-6-17', '12:00', 15),
    ('2018-6-16', '14:00', 16),
    ('2018-6-17', '12:00', 16),
    ('2018-6-22', '16:00', 17),
    ('2018-6-24', '12:10', 18),
    ('2019-5-24', '17:00', 19),
    ('2019-5-25', '16:00', 20),
    ('2019-5-26', '18:00', 21),
    ('2019-6-1', '16:00', 22),
    ('2019-6-2', '17:00', 23),
    ('2019-6-3', '15:00', 24),
    ('2019-6-7', '20:00', 25),
    ('2019-6-8', '14:00', 26),
    ('2019-6-9', '13:00', 27),
    ('2019-6-10', '16:00', 28),
    ('2019-6-15', '18:00', 29),
    ('2019-6-16', '17:00', 30),
    ('2021-5-23', '17:00', 36),
    ('2021-5-25', '16:00', 36),
    ('2021-5-27', '18:00', 36),
    ('2021-6-1', '16:00', 36),
    ('2021-6-2', '17:00', 36),
    ('2021-6-4', '15:00', 36),
    ('2021-6-6', '20:00', 36),
    ('2021-6-8', '14:00', 36),
    ('2021-6-9', '13:00', 36),
    ('2021-6-10', '16:00', 36),
    ('2021-6-12', '18:00', 36),
    ('2021-6-14', '17:00', 36),
    ('2022-5-24', '17:00', 32),
    ('2022-5-25', '16:00', 33),
    ('2022-5-26', '18:00', 34),
    ('2022-6-1', '16:00', 35),
    ('2022-6-2', '17:00', 36),
    ('2022-6-3', '15:00', 37),
    ('2022-6-4', '20:00', 38),
    ('2022-6-5', '14:00', 39),
    ('2022-6-6', '13:00', 40),
    ('2022-6-7', '16:00', 41),
    ('2022-6-9', '18:00', 42),
    ('2022-6-10', '17:00', 43),
    ('2023-5-25', '17:00', 44),
    ('2023-5-26', '16:00', 45),
    ('2023-5-27', '18:00', 46),
    ('2023-6-1', '16:00', 47),
    ('2023-6-2', '17:00', 48),
    ('2023-6-3', '15:00', 49),
    ('2023-6-4', '20:00', 50),
    ('2023-6-5', '14:00', 1),
    ('2023-6-6', '13:00', 2),
    ('2023-6-7', '16:00', 3),
    ('2023-6-8', '18:00', 4),
    ('2023-6-9', '17:00', 5),
    ('2024-5-24', '17:00', 6),
    ('2024-5-25', '16:00', 7),
    ('2024-5-26', '18:00', 8),
    ('2024-6-1', '16:00', 9),
    ('2024-6-2', '17:00', 10),
    ('2024-6-3', '15:00', 11),
    ('2024-6-4', '20:00', 12),
    ('2024-6-5', '14:00', 13),
    ('2024-6-6', '13:00', 14),
    ('2024-6-7', '16:00', 15),
    ('2024-6-9', '18:00', 16),
    ('2024-6-10', '17:00', 17);

-- Populate Mannschaft_hat_Spiel table
INSERT INTO Mannschaft_hat_Spiel (fk_Mannschaft, fk_Spiel) VALUES
    (3, 4),
    (7, 15),
    (2, 3),
    (6, 19),
    (8, 25),
    (4, 7),
    (11, 29),
    (19, 35),
    (4, 6),
    (12, 53),
    (5, 16),
    (21, 50),
    (5, 8),
    (3, 18),
    (15, 22),
    (7, 13),
    (12, 62),
    (9, 11),
    (13, 21),
    (8, 14),
    (14, 40),
    (10, 20),
    (14, 27),
    (2, 29),
    (17, 34),
    (9, 17),
    (13, 43),
    (1, 2),
    (18, 30),
    (16, 32),
    (11, 37),
    (20, 61),
    (15, 55),
    (2, 22),
    (11, 12),
    (8, 15),
    (15, 28),
    (7, 50),
    (16, 54),
    (13, 25),
    (3, 6),
    (10, 42),
    (14, 70),
    (15, 59),
    (17, 39),
    (20, 77),
    (12, 22),
    (1, 14),
    (13, 24),
    (10, 21),
    (4, 9),
    (21, 62),
    (10, 19),
    (11, 33),
    (16, 48),
    (19, 62),
    (13, 34),
    (5, 37),
    (9, 54),
    (8, 69),
    (2, 1),
    (4, 18),
    (17, 29),
    (15, 21),
    (3, 16),
    (14, 48),
    (12, 23),
    (19, 60),
    (6, 11),
    (20, 66),
    (21, 30),
    (1, 3),
    (13, 41),
    (18, 55),
    (5, 21),
    (2, 16),
    (8, 59),
    (19, 50),
    (9, 40),
    (6, 38),
    (20, 42);

-- Populate Spieler table
ALTER SEQUENCE spieler_id_spieler_seq RESTART WITH 1;
INSERT INTO Spieler (Vorname, Nachname, Geburtsdatum, Position, Nummer, fk_Mannschaft) VALUES
    ('John', 'Doe', '1990-01-01', 'Libero', 16, 10),
    ('Jane', 'Smith', '1991-02-02', 'Opposite', 12, 18),
    ('James', 'Brown', '1992-03-03', 'Setter', 4, 3),
    ('Alice', 'Johnson', '1993-04-04', 'Outside Hitter', 18, 7),
    ('Robert', 'Davis', '1994-05-05', 'Middle Blocker', 1, 21),
    ('Michael', 'Miller', '1995-06-06', 'Setter', 20, 5),
    ('Sarah', 'Wilson', '1996-07-07', 'Setter', 5, 11),
    ('Daniel', 'Moore', '1997-08-08', 'Outside Hitter', 14, 1),
    ('Emily', 'Taylor', '1998-09-09', 'Libero', 2, 9),
    ('David', 'Anderson', '1999-10-10', 'Middle Blocker', 10, 14),
    ('Chris', 'Thomas', '2000-11-11', 'Setter', 9, 13),
    ('Laura', 'Martin', '2001-12-12', 'Outside Hitter', 19, 15),
    ('Anna', 'Lee', '1992-01-01', 'Opposite', 6, 8),
    ('Mark', 'White', '1993-02-02', 'Middle Blocker', 11, 12),
    ('Paul', 'Harris', '1994-03-03', 'Middle Blocker', 8, 6),
    ('Linda', 'Clark', '1995-04-04', 'Setter', 13, 16),
    ('Susan', 'Lewis', '1996-05-05', 'Outside Hitter', 15, 4),
    ('Kevin', 'Walker', '1997-06-06', 'Libero', 7, 2),
    ('Karen', 'Hall', '1998-07-07', 'Libero', 17, 19),
    ('Brian', 'Allen', '1999-08-08', 'Opposite', 3, 17),
    ('Jacob', 'Bennett', '1990-12-12', 'Libero', 22, 2),
    ('Oliver', 'Knight', '1991-11-11', 'Setter', 31, 12),
    ('William', 'Sharp', '1992-11-11', 'Middle Blocker', 24, 8),
    ('Seth', 'Bauer', '1993-06-06', 'Outside Hitter', 26, 14),
    ('Ethan', 'Lane', '1994-09-09', 'Libero', 25, 15),
    ('Jason', 'Perry', '1995-01-01', 'Opposite', 21, 9),
    ('Ethan', 'Wade', '1996-04-04', 'Outside Hitter', 28, 3),
    ('Mason', 'Yoder', '1997-03-03', 'Middle Blocker', 29, 16),
    ('Luke', 'Roy', '1998-07-07', 'Setter', 30, 19),
    ('Jack', 'Green', '1999-05-05', 'Libero', 23, 18),
    ('Mark', 'Silva', '1991-02-02', 'Outside Hitter', 38, 17),
    ('Matt', 'Snow', '1992-03-03', 'Middle Blocker', 40, 10),
    ('Kurt', 'Pratt', '1993-04-04', 'Setter', 33, 11),
    ('Liam', 'Burton', '1994-05-05', 'Libero', 32, 21),
    ('Adam', 'Stone', '1995-06-06', 'Opposite', 35, 7),
    ('Eric', 'Greer', '1996-07-07', 'Middle Blocker', 36, 5),
    ('Ryan', 'Brown', '1997-08-08', 'Libero', 37, 6),
    ('Trent', 'Webb', '1998-09-09', 'Setter', 34, 12),
    ('Zach', 'Reid', '1999-10-10', 'Opposite', 48, 2),
    ('Chris', 'Reed', '2000-11-11', 'Outside Hitter', 41, 3),
    ('Nick', 'Wolf', '2001-12-12', 'Middle Blocker', 39, 10),
    ('Joe', 'Brett', '1992-01-01', 'Setter', 45, 18),
    ('Kyle', 'Cross', '1993-02-02', 'Libero', 42, 21),
    ('Todd', 'Brock', '1994-03-03', 'Opposite', 44, 1),
    ('Brian', 'Long', '1995-04-04', 'Outside Hitter', 46, 4),
    ('Rick', 'Nash', '1996-05-05', 'Libero', 47, 20),
    ('Danny', 'Stark', '1997-06-06', 'Middle Blocker', 43, 14),
    ('Hank', 'Deane', '1998-07-07', 'Setter', 49, 13),
    ('John', 'Blake', '1999-08-08', 'Libero', 51, 18),
    ('Greg', 'Gray', '1990-01-01', 'Opposite', 50, 3),
    ('Nash', 'Clay', '1991-02-02', 'Outside Hitter', 52, 20),
    ('Lee', 'Doyle', '1992-03-03', 'Middle Blocker', 55, 19),
    ('Chad', 'Lance', '1993-04-04', 'Setter', 54, 21),
    ('Jay', 'Banks', '1994-05-05', 'Libero', 53, 12),
    ('Drew', 'Black', '1995-06-06', 'Opposite', 57, 7),
    ('Kane', 'King', '1996-07-07', 'Middle Blocker', 56, 5),
    ('Josh', 'Clark', '1997-08-08', 'Libero', 59, 21),
    ('Shaun', 'Hunt', '1998-09-09', 'Setter', 58, 9),
    ('Alan', 'Bush', '1999-10-10', 'Outside Hitter', 60, 20),
    ('Seth', 'Load', '2000-11-11', 'Middle Blocker', 61, 1),
    ('Luke', 'Cox', '2001-12-12', 'Libero', 62, 19),
    ('Max', 'Snow', '1992-01-01', 'Setter', 63, 15),
    ('Seth', 'Boyd', '1993-02-02', 'Outside Hitter', 66, 2),
    ('Ryan', 'Bond', '1994-03-03', 'Opposite', 65, 7),
    ('Evan', 'Stone', '1995-04-04', 'Libero', 64, 14),
    ('Alex', 'Reed', '1996-05-05', 'Middle Blocker', 68, 19),
    ('Greg', 'Goss', '1997-06-06', 'Setter', 67, 13),
    ('Wade', 'Pullo', '1998-07-07', 'Outside Hitter', 69, 15),
    ('Alan', 'Beck', '1999-08-08', 'Libero', 72, 14),
    ('Andy', 'Ray', '1990-01-01', 'Middle Blocker', 70, 21),
    ('Troy', 'Cook', '1991-02-02', 'Libero', 74, 8),
    ('Adam', 'Ray', '1992-03-03', 'Outside Hitter', 71, 13),
    ('Mark', 'Rock', '1993-04-04', 'Setter', 76, 4),
    ('Kyle', 'Laird', '1994-05-05', 'Opposite', 75, 10),
    ('Jack', 'McKay', '1995-06-06', 'Libero', 77, 2),
    ('Brad', 'Rich', '1996-07-07', 'Middle Blocker', 79, 11),
    ('Paul', 'Nash', '1997-08-08', 'Setter', 78, 11),
    ('Clark', 'Brent', '1998-09-09', 'Outside Hitter', 73, 17),
    ('Drew', 'Black', '1999-10-10', 'Setter', 80, 6),
    ('Ian', 'Bolt', '2000-11-11', 'Middle Blocker', 81, 20);

-- Populate Statistik table
INSERT INTO Statistik (Punkte, Angriff, Aufschlag, Block, Angrifffehler, Aufschlagfehler, fk_Spieler, fk_Spiel) VALUES
    (18, 10, 5, 3, 2, 1, 13, 10),
    (14, 8, 4, 2, 1, 1, 27, 8),
    (12, 7, 3, 2, 2, 0, 3, 12),
    (22, 12, 6, 4, 3, 1, 7, 5),
    (15, 9, 4, 2, 1, 0, 9, 15),
    (12, 8, 3, 1, 2, 1, 14, 2),
    (18, 10, 5, 3, 2, 1, 8, 3),
    (14, 8, 4, 2, 1, 0, 2, 14),
    (12, 7, 3, 2, 2, 1, 19, 16),
    (22, 12, 6, 4, 3, 1, 1, 9),
    (15, 9, 4, 2, 1, 0, 18, 6),
    (12, 8, 3, 1, 2, 1, 10, 18),
    (18, 10, 5, 3, 2, 1, 5, 1),
    (14, 8, 4, 2, 1, 0, 17, 20),
    (12, 7, 3, 2, 2, 1, 4, 3),
    (22, 12, 6, 4, 3, 1, 12, 19),
    (15, 9, 4, 2, 1, 0, 16, 4),
    (12, 8, 3, 1, 2, 1, 15, 7),
    (18, 10, 5, 3, 2, 1, 11, 13),
    (14, 8, 4, 2, 1, 0, 6, 17),
    (20, 11, 6, 3, 1, 2, 25, 11),
    (16, 9, 4, 2, 2, 1, 24, 15),
    (13, 7, 3, 2, 1, 1, 22, 2),
    (21, 12, 5, 4, 3, 1, 21, 5),
    (17, 10, 4, 2, 0, 2, 23, 9),
    (14, 8, 3, 1, 1, 1, 28, 3),
    (19, 11, 5, 3, 2, 1, 20, 4),
    (15, 9, 4, 2, 0, 2, 29, 14),
    (13, 7, 3, 2, 1, 0, 26, 16),
    (23, 13, 6, 4, 3, 1, 30, 10),
    (12, 8, 3, 1, 2, 1, 32, 8),
    (17, 11, 6, 3, 1, 0, 1, 19),
    (14, 9, 4, 2, 1, 1, 2, 6),
    (11, 7, 3, 2, 0, 1, 3, 17),
    (20, 12, 5, 3, 1, 2, 4, 1),
    (16, 8, 4, 2, 1, 1, 5, 20),
    (15, 9, 4, 1, 2, 0, 6, 13),
    (18, 11, 5, 3, 2, 1, 7, 2),
    (13, 7, 3, 2, 1, 0, 8, 5),
    (21, 13, 6, 4, 3, 1, 9, 12),
    (19, 10, 5, 2, 0, 2, 10, 9),
    (14, 8, 4, 2, 1, 1, 11, 11),
    (17, 9, 5, 3, 2, 1, 12, 15),
    (15, 10, 4, 2, 1, 0, 13, 1),
    (12, 8, 3, 1, 1, 1, 14, 4),
    (20, 12, 5, 3, 2, 0, 15, 14),
    (16, 9, 4, 2, 1, 1, 16, 19),
    (13, 7, 3, 2, 1, 0, 17, 18),
    (22, 14, 6, 4, 3, 1, 18, 15),
    (18, 11, 5, 3, 2, 1, 19, 6),
    (14, 9, 4, 2, 0, 2, 20, 8),
    (17, 8, 4, 3, 1, 1, 21, 13),
    (15, 10, 5, 2, 1, 0, 22, 7),
    (12, 7, 3, 1, 2, 1, 23, 11),
    (19, 11, 5, 3, 1, 2, 24, 3),
    (16, 9, 4, 2, 1, 0, 25, 5),
    (13, 8, 3, 2, 0, 1, 26, 2),
    (21, 13, 6, 4, 3, 1, 27, 9),
    (18, 10, 5, 2, 1, 0, 28, 4),
    (14, 8, 4, 2, 1, 1, 29, 27),
    (17, 9, 5, 3, 2, 2, 30, 14),
    (15, 10, 4, 2, 1, 0, 31, 18),
    (12, 8, 3, 1, 0, 1, 32, 7),
    (19, 11, 5, 3, 1, 2, 33, 20),
    (16, 9, 4, 2, 1, 1, 34, 22),
    (13, 8, 3, 2, 0, 0, 35, 30),
    (21, 13, 6, 4, 2, 1, 36, 28),
    (18, 10, 5, 2, 1, 0, 37, 11),
    (14, 8, 4, 2, 2, 1, 38, 25),
    (17, 9, 5, 3, 1, 1, 39, 13),
    (15, 10, 4, 2, 1, 0, 40, 16),
    (12, 7, 3, 1, 2, 1, 41, 34),
    (19, 11, 5, 3, 0, 1, 42, 24),
    (16, 9, 4, 2, 1, 2, 43, 36),
    (13, 8, 3, 2, 2, 1, 44, 23),
    (21, 13, 6, 4, 0, 2, 45, 31),
    (18, 10, 5, 2, 1, 1, 46, 26),
    (14, 8, 4, 2, 1, 0, 47, 21),
    (17, 9, 5, 3, 1, 1, 48, 17),
    (15, 10, 4, 2, 2, 1, 49, 29),
    (12, 7, 3, 1, 2, 2, 50, 32),
    (19, 11, 5, 3, 1, 0, 51, 33),
    (16, 9, 4, 2, 2, 1, 52, 23),
    (13, 8, 3, 2, 1, 0, 53, 27),
    (21, 13, 6, 4, 0, 1, 54, 12),
    (18, 10, 5, 2, 2, 0, 55, 19),
    (14, 8, 4, 2, 1, 1, 56, 35),
    (17, 9, 5, 3, 2, 1, 57, 22),
    (15, 10, 4, 2, 1, 0, 58, 23),
    (12, 7, 3, 1, 2, 1, 59, 28),
    (19, 11, 5, 3, 1, 2, 60, 16),
    (16, 9, 4, 2, 2, 0, 61, 9),
    (13, 8, 3, 2, 0, 1, 62, 18),
    (21, 13, 6, 4, 3, 1, 63, 24),
    (18, 10, 5, 2, 1, 0, 64, 34),
    (14, 8, 4, 2, 2, 1, 65, 26),
    (17, 9, 5, 3, 1, 1, 66, 13),
    (15, 10, 4, 2, 1, 0, 67, 8),
    (12, 7, 3, 1, 2, 1, 68, 5),
    (19, 11, 5, 3, 0, 1, 69, 17),
    (16, 9, 4, 2, 1, 2, 70, 11),
    (13, 8, 3, 2, 2, 1, 71, 23),
    (21, 13, 6, 4, 0, 2, 72, 14),
    (18, 10, 5, 2, 1, 1, 73, 25),
    (14, 8, 4, 2, 1, 0, 74, 30),
    (17, 9, 5, 3, 1, 1, 75, 12),
    (15, 10, 4, 2, 2, 1, 76, 3),
    (12, 7, 3, 1, 2, 2, 77, 4),
    (19, 11, 5, 3, 1, 0, 78, 13),
    (16, 9, 4, 2, 2, 1, 79, 2),
    (13, 8, 3, 2, 1, 0, 80, 7);

-- Populate Trainer table
ALTER SEQUENCE trainer_id_trainer_seq RESTART WITH 1;
INSERT INTO Trainer (Vorname, Nachname, Geburtsdatum, Nationalitaet, fk_Mannschaft) VALUES 
    ('Marco', 'Rossi', '1976-09-11', 'Italian', 5), 
    ('Felipe', 'Gomes', '1953-07-26', 'Brazilian', NULL),
    ('Hans', 'Mueller', '1975-02-24', 'German', 3),
    ('John', 'Smith', '1967-06-16', 'American', 2),
    ('Giovanni', 'Conti', '1976-10-30', 'Italian', NULL),
    ('Carlos', 'Perez', '1977-11-28', 'Argentinian', 13),
    ('Franz', 'Becker', '1945-09-11', 'German', NULL),
    ('Peter', 'Johnson', '1963-11-21', 'American', 8),
    ('Leandro', 'Silva', '1949-01-12', 'Brazilian', NULL),
    ('Saeed', 'Rezai', '1978-10-17', 'Iranian', 19),
    ('Thomas', 'Schneider', '1975-03-15', 'German', 1),
    ('Aleksander', 'Petrov', '1982-10-30', 'Bulgarian', 12),
    ('Louis', 'Dupont', '1951-08-08', 'French', NULL),
    ('Volker', 'Schmidt', '1948-03-24', 'German', NULL),
    ('Antonio', 'De Luca', '1970-08-11', 'Italian', 6),
    ('Carlos', 'Rodriguez', '1955-09-25', 'Argentinian', NULL),
    ('Igor', 'Ivanov', '1958-06-29', 'Russian', 7),
    ('Arsene', 'Lamarque', '1949-10-22', 'French', NULL),
    ('Frank', 'Kramer', '1972-05-03', 'German', 14),
    ('Juergen', 'Heynckes', '1945-05-09', 'German', NULL),
    ('Julian', 'Huber', '1987-07-23', 'Swiss', 4),
    ('Christoph', 'Meier', '1953-10-24', 'German', NULL),
    ('Ernesto', 'Happel', '1925-11-29', 'Austrian', NULL),
    ('Christian', 'Streich', '1965-06-11', 'German', 9),
    ('Oliver', 'Haas', '1974-08-28', 'German', 10),
    ('Roger', 'Bucher', '1967-03-13', 'Swiss', 11),
    ('Stefan', 'Gisdol', '1969-08-17', 'German', 20),
    ('Manuel', 'Schmitt', '1979-08-30', 'German', 21),
    ('Steffen', 'Baumgart', '1972-01-05', 'German', 15),
    ('Evgeny', 'Ribakov', '1937-06-13', 'Russian', NULL),
    ('Urs', 'Fischer', '1966-08-20', 'Swiss', 16),
    ('Boris', 'Kovachev', '1959-12-22', 'Bulgarian', NULL),
    ('Domenico', 'Tedesco', '1985-09-12', 'Italian', 18),
    ('Klaus', 'Augenthaler', '1957-09-26', 'German', NULL),
    ('Javier', 'Fernandez', '1978-10-30', 'Argentinian', 17);
